run,op,us
0,deploy_message,6678644
0,process_program_deploy,7186043
1,deploy_message,6683561
1,process_program_deploy,7190883
2,deploy_message,6680161
2,process_program_deploy,7187038
3,deploy_message,6682022
3,process_program_deploy,7189774
4,deploy_message,6681483
4,process_program_deploy,7189775
5,deploy_message,6681272
5,process_program_deploy,7188491
6,deploy_message,6683378
6,process_program_deploy,7190628
7,deploy_message,6686521
7,process_program_deploy,7194505
8,deploy_message,6680290
8,process_program_deploy,7188284
9,deploy_message,6683349
9,process_program_deploy,7191768
10,deploy_message,6686856
10,process_program_deploy,7194146
11,deploy_message,6681090
11,process_program_deploy,7188385
12,deploy_message,6680664
12,process_program_deploy,7187691
13,deploy_message,6683120
13,process_program_deploy,7192293
14,deploy_message,6686012
14,process_program_deploy,7192772
15,deploy_message,6695867
15,process_program_deploy,7204890
16,deploy_message,6688016
16,process_program_deploy,7196331
17,deploy_message,6685516
17,process_program_deploy,7194080
18,deploy_message,6695757
18,process_program_deploy,7204494
19,deploy_message,6680494
19,process_program_deploy,7187846
20,deploy_message,6686208
20,process_program_deploy,7197707
21,deploy_message,6684912
21,process_program_deploy,7194478
22,deploy_message,6684398
22,process_program_deploy,7193264
23,deploy_message,6681247
23,process_program_deploy,7189483
24,deploy_message,6686066
24,process_program_deploy,7195006
25,deploy_message,6686781
25,process_program_deploy,7194192
26,deploy_message,6684804
26,process_program_deploy,7192609
27,deploy_message,6687769
27,process_program_deploy,7195454
28,deploy_message,6681526
28,process_program_deploy,7189801
29,deploy_message,6682655
29,process_program_deploy,7189247
30,deploy_message,6683367
30,process_program_deploy,7190386
31,deploy_message,6685069
31,process_program_deploy,7193564
32,deploy_message,6679984
32,process_program_deploy,7187596
33,deploy_message,6685858
33,process_program_deploy,7194004
34,deploy_message,6689895
34,process_program_deploy,7197496
35,deploy_message,6679694
35,process_program_deploy,7187815
36,deploy_message,6690527
36,process_program_deploy,7199315
37,deploy_message,6684908
37,process_program_deploy,7193021
38,deploy_message,6681835
38,process_program_deploy,7190874
39,deploy_message,6686210
39,process_program_deploy,7194357
40,deploy_message,6680589
40,process_program_deploy,7187661
41,deploy_message,6683353
41,process_program_deploy,7189979
42,deploy_message,6682694
42,process_program_deploy,7190241
43,deploy_message,6678946
43,process_program_deploy,7186029
44,deploy_message,6683337
44,process_program_deploy,7191716
45,deploy_message,6687781
45,process_program_deploy,7196534
46,deploy_message,6683031
46,process_program_deploy,7191377
47,deploy_message,6683977
47,process_program_deploy,7191704
48,deploy_message,6683499
48,process_program_deploy,7191235
49,deploy_message,6684851
49,process_program_deploy,7192979
50,deploy_message,6680633
50,process_program_deploy,7187428
51,deploy_message,6680588
51,process_program_deploy,7187464
52,deploy_message,6678736
52,process_program_deploy,7186800
53,deploy_message,6681972
53,process_program_deploy,7190167
54,deploy_message,6685837
54,process_program_deploy,7194760
55,deploy_message,6681703
55,process_program_deploy,7190226
56,deploy_message,6683558
56,process_program_deploy,7191377
57,deploy_message,6682045
57,process_program_deploy,7189285
58,deploy_message,6682370
58,process_program_deploy,7189439
59,deploy_message,6683913
59,process_program_deploy,7191901
60,deploy_message,6685159
60,process_program_deploy,7192436
61,deploy_message,6683911
61,process_program_deploy,7192077
62,deploy_message,6683837
62,process_program_deploy,7191893
63,deploy_message,6681235
63,process_program_deploy,7189028
64,deploy_message,6685291
64,process_program_deploy,7193484
65,deploy_message,6686341
65,process_program_deploy,7193631
66,deploy_message,6686621
66,process_program_deploy,7196951
67,deploy_message,6681624
67,process_program_deploy,7189928
68,deploy_message,6685424
68,process_program_deploy,7192312
69,deploy_message,6679730
69,process_program_deploy,7187504
70,deploy_message,6681073
70,process_program_deploy,7189367
71,deploy_message,6683351
71,process_program_deploy,7192533
72,deploy_message,6682188
72,process_program_deploy,7191016
73,deploy_message,6683581
73,process_program_deploy,7192055
74,deploy_message,6685308
74,process_program_deploy,7192566
75,deploy_message,6680976
75,process_program_deploy,7188616
76,deploy_message,6681940
76,process_program_deploy,7189323
77,deploy_message,6682130
77,process_program_deploy,7189832
78,deploy_message,6678767
78,process_program_deploy,7185684
79,deploy_message,6682704
79,process_program_deploy,7191482
80,deploy_message,6680796
80,process_program_deploy,7188543
81,deploy_message,6684028
81,process_program_deploy,7193150
82,deploy_message,6686110
82,process_program_deploy,7194076
83,deploy_message,6683835
83,process_program_deploy,7192413
84,deploy_message,6680560
84,process_program_deploy,7187848
85,deploy_message,6688748
85,process_program_deploy,7196449
86,deploy_message,6682102
86,process_program_deploy,7190600
87,deploy_message,6680172
87,process_program_deploy,7188088
88,deploy_message,6687976
88,process_program_deploy,7195946
89,deploy_message,6684235
89,process_program_deploy,7193119
90,deploy_message,6684762
90,process_program_deploy,7192740
91,deploy_message,6684760
91,process_program_deploy,7192947
92,deploy_message,6692121
92,process_program_deploy,7200857
93,deploy_message,6680091
93,process_program_deploy,7187794
94,deploy_message,6687341
94,process_program_deploy,7195740
95,deploy_message,6681319
95,process_program_deploy,7188839
96,deploy_message,6680505
96,process_program_deploy,7187846
97,deploy_message,6684968
97,process_program_deploy,7193371
98,deploy_message,6682598
98,process_program_deploy,7190818
99,deploy_message,6681824
99,process_program_deploy,7188535
